{
  "name": "evercare-website",
  "version": "0.1.0",
  "lockfileVersion": 3,
  "requires": true,
  "packages": {
    "": {
      "name": "evercare-website",
      "version": "0.1.0",
      "dependencies": {
        "framer-motion": "^11.3.27",
        "lucide-react": "^0.441.0",
        "react": "^18.2.0",
        "react-dom": "^18.2.0",
        "react-router-dom": "^6.26.2"
      },
      "devDependencies": {
        "@types/react": "^18.3.5",
        "@types/react-dom": "^18.3.0",
        "@vitejs/plugin-react": "^5.0.3",
        "autoprefixer": "^10.4.20",
        "postcss": "^8.4.45",
        "tailwindcss": "^3.4.10",
        "typescript": "^5.5.4",
        "vite": "^5.4.6"
      }
    },
    "node_modules/@alloc/quick-lru": {
      "version": "5.2.0",
      "dev": true,
      "license": "MIT",
      "engines": {
        "node": ">=10"
      },
      "funding": {
        "url": "https://github.com/sponsors/sindresorhus"
      }
    },
    "node_modules/@babel/code-frame": {
      "version": "7.27.1",
      "dev": true,
      "license": "MIT",
      "dependencies": {
        "@babel/helper-validator-identifier": "^7.27.1",
        "js-tokens": "^4.0.0",
        "picocolors": "^1.1.1"
      },
      "engines": {
        "node": ">=6.9.0"
      }
    },
    "node_modules/@babel/compat-data": {
      "version": "7.28.4",
      "dev": true,
      "license": "MIT",
      "engines": {
        "node": ">=6.9.0"
      }
    },
    "node_modules/@babel/core": {
      "version": "7.28.4",
      "dev": true,
      "license": "MIT",
      "dependencies": {
        "@babel/code-frame": "^7.27.1",
        "@babel/generator": "^7.28.3",
        "@babel/helper-compilation-targets": "^7.27.2",
        "@babel/helper-module-transforms": "^7.28.3",
        "@babel/helpers": "^7.28.4",
        "@babel/parser": "^7.28.4",
        "@babel/template": "^7.27.2",
        "@babel/traverse": "^7.28.4",
        "@babel/types": "^7.28.4",
        "@jridgewell/remapping": "^2.3.5",
        "convert-source-map": "^2.0.0",
        "debug": "^4.1.0",
        "gensync": "^1.0.0-beta.2",
        "json5": "^2.2.3",
        "semver": "^6.3.1"
      },
      "engines": {
        "node": ">=6.9.0"
      },
      "funding": {
        "type": "opencollective",
        "url": "https://opencollective.com/babel"
      }
    },
    "node_modules/@babel/generator": {
      "version": "7.28.3",
      "dev": true,
      "license": "MIT",
      "dependencies": {
        "@babel/parser": "^7.28.3",
        "@babel/types": "^7.28.2",
        "@jridgewell/gen-mapping": "^0.3.12",
        "@jridgewell/trace-mapping": "^0.3.28",
        "jsesc": "^3.0.2"
      },
      "engines": {
        "node": ">=6.9.0"
      }
    },
    "node_modules/@babel/helper-compilation-targets": {
      "version": "7.27.2",
      "dev": true,
      "license": "MIT",
      "dependencies": {
        "@babel/compat-data": "^7.27.2",
        "@babel/helper-validator-option": "^7.27.1",
        "browserslist": "^4.24.0",
        "lru-cache": "^5.1.1",
        "semver": "^6.3.1"
      },
      "engines": {
        "node": ">=6.9.0"
      }
    },
    "node_modules/@babel/helper-globals": {
      "version": "7.28.0",
      "dev": true,
      "license": "MIT",
      "engines": {
        "node": ">=6.9.0"
      }
    },
    "node_modules/@babel/helper-module-imports": {
      "version": "7.27.1",
      "dev": true,
      "license": "MIT",
      "dependencies": {
        "@babel/traverse": "^7.27.1",
        "@babel/types": "^7.27.1"
      },
      "engines": {
        "node": ">=6.9.0"
      }
    },
    "node_modules/@babel/helper-module-transforms": {
      "version": "7.28.3",
      "dev": true,
      "license": "MIT",
      "dependencies": {
        "@babel/helper-module-imports": "^7.27.1",
        "@babel/helper-validator-identifier": "^7.27.1",
        "@babel/traverse": "^7.28.3"
      },
      "engines": {
        "node": ">=6.9.0"
      },
      "peerDependencies": {
        "@babel/core": "^7.0.0"
      }
    },
    "node_modules/@babel/helper-plugin-utils": {
      "version": "7.27.1",
      "dev": true,
      "license": "MIT",
      "engines": {
        "node": ">=6.9.0"
      }
    },
    "node_modules/@babel/helper-string-parser": {
      "version": "7.27.1",
      "dev": true,
      "license": "MIT",
      "engines": {
        "node": ">=6.9.0"
      }
    },
    "node_modules/@babel/helper-validator-identifier": {
      "version": "7.27.1",
      "dev": true,
      "license": "MIT",
      "engines": {
        "node": ">=6.9.0"
      }
    },
    "node_modules/@babel/helper-validator-option": {
      "version": "7.27.1",
      "dev": true,
      "license": "MIT",
      "engines": {
        "node": ">=6.9.0"
      }
    },
    "node_modules/@babel/helpers": {
      "version": "7.28.4",
      "dev": true,
      "license": "MIT",
      "dependencies": {
        "@babel/template": "^7.27.2",
        "@babel/types": "^7.28.4"
      },
      "engines": {
        "node": ">=6.9.0"
      }
    },
    "node_modules/@babel/parser": {
      "version": "7.28.4",
      "dev": true,
      "license": "MIT",
      "dependencies": {
        "@babel/types": "^7.28.4"
      },
      "bin": {
        "parser": "bin/babel-parser.js"
      },
      "engines": {
        "node": ">=6.0.0"
      }
    },
    "node_modules/@babel/plugin-transform-react-jsx-self": {
      "version": "7.27.1",
      "dev": true,
      "license": "MIT",
      "dependencies": {
        "@babel/helper-plugin-utils": "^7.27.1"
      },
      "engines": {
        "node": ">=6.9.0"
      },
      "peerDependencies": {
        "@babel/core": "^7.0.0-0"
      }
    },
    "node_modules/@babel/plugin-transform-react-jsx-source": {
      "version": "7.27.1",
      "dev": true,
      "license": "MIT",
      "dependencies": {
        "@babel/helper-plugin-utils": "^7.27.1"
      },
      "engines": {
        "node": ">=6.9.0"
      },
      "peerDependencies": {
        "@babel/core": "^7.0.0-0"
      }
    },
    "node_modules/@babel/template": {
      "version": "7.27.2",
      "dev": true,
      "license": "MIT",
      "dependencies": {
        "@babel/code-frame": "^7.27.1",
        "@babel/parser": "^7.27.2",
        "@babel/types": "^7.27.1"
      },
      "engines": {
        "node": ">=6.9.0"
      }
    },
    "node_modules/@babel/traverse": {
      "version": "7.28.4",
      "dev": true,
      "license": "MIT",
      "dependencies": {
        "@babel/code-frame": "^7.27.1",
        "@babel/generator": "^7.28.3",
        "@babel/helper-globals": "^7.28.0",
        "@babel/parser": "^7.28.4",
        "@babel/template": "^7.27.2",
        "@babel/types": "^7.28.4",
        "debug": "^4.3.1"
      },
      "engines": {
        "node": ">=6.9.0"
      }
    },
    "node_modules/@babel/types": {
      "version": "7.28.4",
      "dev": true,
      "license": "MIT",
      "dependencies": {
        "@babel/helper-string-parser": "^7.27.1",
        "@babel/helper-validator-identifier": "^7.27.1"
      },
      "engines": {
        "node": ">=6.9.0"
      }
    },
    "node_modules/@esbuild/darwin-arm64": {
      "version": "0.21.5",
      "cpu": [
        "arm64"
      ],
      "dev": true,
      "license": "MIT",
      "optional": true,
      "os": [
        "darwin"
      ],
      "engines": {
        "node": ">=12"
      }
    },
    "node_modules/@isaacs/cliui": {
      "version": "8.0.2",
      "dev": true,
      "license": "ISC",
      "dependencies": {
        "string-width": "^5.1.2",
        "string-width-cjs": "npm:string-width@^4.2.0",
        "strip-ansi": "^7.0.1",
        "strip-ansi-cjs": "npm:strip-ansi@^6.0.1",
        "wrap-ansi": "^8.1.0",
        "wrap-ansi-cjs": "npm:wrap-ansi@^7.0.0"
      },
      "engines": {
        "node": ">=12"
      }
    },
    "node_modules/@jridgewell/gen-mapping": {
      "version": "0.3.13",
      "dev": true,
      "license": "MIT",
      "dependencies": {
        "@jridgewell/sourcemap-codec": "^1.5.0",
        "@jridgewell/trace-mapping": "^0.3.24"
      }
    },
    "node_modules/@jridgewell/remapping": {
      "version": "2.3.5",
      "dev": true,
      "license": "MIT",
      "dependencies": {
        "@jridgewell/gen-mapping": "^0.3.5",
        "@jridgewell/trace-mapping": "^0.3.24"
      }
    },
    "node_modules/@jridgewell/resolve-uri": {
      "version": "3.1.2",
      "dev": true,
      "license": "MIT",
      "engines": {
        "node": ">=6.0.0"
      }
    },
    "node_modules/@jridgewell/sourcemap-codec": {
      "version": "1.5.5",
      "dev": true,
      "license": "MIT"
    },
    "node_modules/@jridgewell/trace-mapping": {
      "version": "0.3.31",
      "dev": true,
      "license": "MIT",
      "dependencies": {
        "@jridgewell/resolve-uri": "^3.1.0",
        "@jridgewell/sourcemap-codec": "^1.4.14"
      }
    },
    "node_modules/@nodelib/fs.scandir": {
      "version": "2.1.5",
      "dev": true,
      "license": "MIT",
      "dependencies": {
        "@nodelib/fs.stat": "2.0.5",
        "run-parallel": "^1.1.9"
      },
      "engines": {
        "node": ">= 8"
      }
    },
    "node_modules/@nodelib/fs.stat": {
      "version": "2.0.5",
      "dev": true,
      "license": "MIT",
      "engines": {
        "node": ">= 8"
      }
    },
    "node_modules/@nodelib/fs.walk": {
      "version": "1.2.8",
      "dev": true,
      "license": "MIT",
      "dependencies": {
        "@nodelib/fs.scandir": "2.1.5",
        "fastq": "^1.6.0"
      },
      "engines": {
        "node": ">= 8"
      }
    },
    "node_modules/@pkgjs/parseargs": {
      "version": "0.11.0",
      "dev": true,
      "license": "MIT",
      "optional": true,
      "engines": {
        "node": ">=14"
      }
    },
    "node_modules/@remix-run/router": {
      "version": "1.23.0",
      "license": "MIT",
      "engines": {
        "node": ">=14.0.0"
      }
    },
    "node_modules/@rolldown/pluginutils": {
      "version": "1.0.0-beta.35",
      "dev": true,
      "license": "MIT"
    },
    "node_modules/@rollup/rollup-darwin-arm64": {
      "version": "4.52.2",
      "cpu": [
        "arm64"
      ],
      "dev": true,
      "license": "MIT",
      "optional": true,
      "os": [
        "darwin"
      ]
    },
    "node_modules/@types/babel__core": {
      "version": "7.20.5",
      "dev": true,
      "license": "MIT",
      "dependencies": {
        "@babel/parser": "^7.20.7",
        "@babel/types": "^7.20.7",
        "@types/babel__generator": "*",
        "@types/babel__template": "*",
        "@types/babel__traverse": "*"
      }
    },
    "node_modules/@types/babel__generator": {
      "version": "7.27.0",
      "dev": true,
      "license": "MIT",
      "dependencies": {
        "@babel/types": "^7.0.0"
      }
    },
    "node_modules/@types/babel__template": {
      "version": "7.4.4",
      "dev": true,
      "license": "MIT",
      "dependencies": {
        "@babel/parser": "^7.1.0",
        "@babel/types": "^7.0.0"
      }
    },
    "node_modules/@types/babel__traverse": {
      "version": "7.28.0",
      "dev": true,
      "license": "MIT",
      "dependencies": {
        "@babel/types": "^7.28.2"
      }
    },
    "node_modules/@types/estree": {
      "version": "1.0.8",
      "dev": true,
      "license": "MIT"
    },
    "node_modules/@types/prop-types": {
      "version": "15.7.15",
      "dev": true,
      "license": "MIT"
    },
    "node_modules/@types/react": {
      "version": "18.3.24",
      "dev": true,
      "license": "MIT",
      "dependencies": {
        "@types/prop-types": "*",
        "csstype": "^3.0.2"
      }
    },
    "node_modules/@types/react-dom": {
      "version": "18.3.7",
      "dev": true,
      "license": "MIT",
      "peerDependencies": {
        "@types/react": "^18.0.0"
      }
    },
    "node_modules/@vitejs/plugin-react": {
      "version": "5.0.3",
      "dev": true,
      "license": "MIT",
      "dependencies": {
        "@babel/core": "^7.28.4",
        "@babel/plugin-transform-react-jsx-self": "^7.27.1",
        "@babel/plugin-transform-react-jsx-source": "^7.27.1",
        "@rolldown/pluginutils": "1.0.0-beta.35",
        "@types/babel__core": "^7.20.5",
        "react-refresh": "^0.17.0"
      },
      "engines": {
        "node": "^20.19.0 || >=22.12.0"
      },
      "peerDependencies": {
        "vite": "^4.2.0 || ^5.0.0 || ^6.0.0 || ^7.0.0"
      }
    },
    "node_modules/ansi-regex": {
      "version": "6.2.2",
      "dev": true,
      "license": "MIT",
      "engines": {
        "node": ">=12"
      },
      "funding": {
        "url": "https://github.com/chalk/ansi-regex?sponsor=1"
      }
    },
    "node_modules/ansi-styles": {
      "version": "6.2.3",
      "dev": true,
      "license": "MIT",
      "engines": {
        "node": ">=12"
      },
      "funding": {
        "url": "https://github.com/chalk/ansi-styles?sponsor=1"
      }
    },
    "node_modules/any-promise": {
      "version": "1.3.0",
      "dev": true,
      "license": "MIT"
    },
    "node_modules/anymatch": {
      "version": "3.1.3",
      "dev": true,
      "license": "ISC",
      "dependencies": {
        "normalize-path": "^3.0.0",
        "picomatch": "^2.0.4"
      },
      "engines": {
        "node": ">= 8"
      }
    },
    "node_modules/arg": {
      "version": "5.0.2",
      "dev": true,
      "license": "MIT"
    },
    "node_modules/autoprefixer": {
      "version": "10.4.21",
      "dev": true,
      "funding": [
        {
          "type": "opencollective",
          "url": "https://opencollective.com/postcss/"
        },
        {
          "type": "tidelift",
          "url": "https://tidelift.com/funding/github/npm/autoprefixer"
        },
        {
          "type": "github",
          "url": "https://github.com/sponsors/ai"
        }
      ],
      "license": "MIT",
      "dependencies": {
        "browserslist": "^4.24.4",
        "caniuse-lite": "^1.0.30001702",
        "fraction.js": "^4.3.7",
        "normalize-range": "^0.1.2",
        "picocolors": "^1.1.1",
        "postcss-value-parser": "^4.2.0"
      },
      "bin": {
        "autoprefixer": "bin/autoprefixer"
      },
      "engines": {
        "node": "^10 || ^12 || >=14"
      },
      "peerDependencies": {
        "postcss": "^8.1.0"
      }
    },
    "node_modules/balanced-match": {
      "version": "1.0.2",
      "dev": true,
      "license": "MIT"
    },
    "node_modules/baseline-browser-mapping": {
      "version": "2.8.7",
      "dev": true,
      "license": "Apache-2.0",
      "bin": {
        "baseline-browser-mapping": "dist/cli.js"
      }
    },
    "node_modules/binary-extensions": {
      "version": "2.3.0",
      "dev": true,
      "license": "MIT",
      "engines": {
        "node": ">=8"
      },
      "funding": {
        "url": "https://github.com/sponsors/sindresorhus"
      }
    },
    "node_modules/brace-expansion": {
      "version": "2.0.2",
      "dev": true,
      "license": "MIT",
      "dependencies": {
        "balanced-match": "^1.0.0"
      }
    },
    "node_modules/braces": {
      "version": "3.0.3",
      "dev": true,
      "license": "MIT",
      "dependencies": {
        "fill-range": "^7.1.1"
      },
      "engines": {
        "node": ">=8"
      }
    },
    "node_modules/browserslist": {
      "version": "4.26.2",
      "dev": true,
      "funding": [
        {
          "type": "opencollective",
          "url": "https://opencollective.com/browserslist"
        },
        {
          "type": "tidelift",
          "url": "https://tidelift.com/funding/github/npm/browserslist"
        },
        {
          "type": "github",
          "url": "https://github.com/sponsors/ai"
        }
      ],
      "license": "MIT",
      "dependencies": {
        "baseline-browser-mapping": "^2.8.3",
        "caniuse-lite": "^1.0.30001741",
        "electron-to-chromium": "^1.5.218",
        "node-releases": "^2.0.21",
        "update-browserslist-db": "^1.1.3"
      },
      "bin": {
        "browserslist": "cli.js"
      },
      "engines": {
        "node": "^6 || ^7 || ^8 || ^9 || ^10 || ^11 || ^12 || >=13.7"
      }
    },
    "node_modules/camelcase-css": {
      "version": "2.0.1",
      "dev": true,
      "license": "MIT",
      "engines": {
        "node": ">= 6"
      }
    },
    "node_modules/caniuse-lite": {
      "version": "1.0.30001745",
      "dev": true,
      "funding": [
        {
          "type": "opencollective",
          "url": "https://opencollective.com/browserslist"
        },
        {
          "type": "tidelift",
          "url": "https://tidelift.com/funding/github/npm/caniuse-lite"
        },
        {
          "type": "github",
          "url": "https://github.com/sponsors/ai"
        }
      ],
      "license": "CC-BY-4.0"
    },
    "node_modules/chokidar": {
      "version": "3.6.0",
      "dev": true,
      "license": "MIT",
      "dependencies": {
        "anymatch": "~3.1.2",
        "braces": "~3.0.2",
        "glob-parent": "~5.1.2",
        "is-binary-path": "~2.1.0",
        "is-glob": "~4.0.1",
        "normalize-path": "~3.0.0",
        "readdirp": "~3.6.0"
      },
      "engines": {
        "node": ">= 8.10.0"
      },
      "funding": {
        "url": "https://paulmillr.com/funding/"
      },
      "optionalDependencies": {
        "fsevents": "~2.3.2"
      }
    },
    "node_modules/chokidar/node_modules/glob-parent": {
      "version": "5.1.2",
      "dev": true,
      "license": "ISC",
      "dependencies": {
        "is-glob": "^4.0.1"
      },
      "engines": {
        "node": ">= 6"
      }
    },
    "node_modules/color-convert": {
      "version": "2.0.1",
      "dev": true,
      "license": "MIT",
      "dependencies": {
        "color-name": "~1.1.4"
      },
      "engines": {
        "node": ">=7.0.0"
      }
    },
    "node_modules/color-name": {
      "version": "1.1.4",
      "dev": true,
      "license": "MIT"
    },
    "node_modules/commander": {
      "version": "4.1.1",
      "dev": true,
      "license": "MIT",
      "engines": {
        "node": ">= 6"
      }
    },
    "node_modules/convert-source-map": {
      "version": "2.0.0",
      "dev": true,
      "license": "MIT"
    },
    "node_modules/cross-spawn": {
      "version": "7.0.6",
      "dev": true,
      "license": "MIT",
      "dependencies": {
        "path-key": "^3.1.0",
        "shebang-command": "^2.0.0",
        "which": "^2.0.1"
      },
      "engines": {
        "node": ">= 8"
      }
    },
    "node_modules/cssesc": {
      "version": "3.0.0",
      "dev": true,
      "license": "MIT",
      "bin": {
        "cssesc": "bin/cssesc"
      },
      "engines": {
        "node": ">=4"
      }
    },
    "node_modules/csstype": {
      "version": "3.1.3",
      "dev": true,
      "license": "MIT"
    },
    "node_modules/debug": {
      "version": "4.4.3",
      "dev": true,
      "license": "MIT",
      "dependencies": {
        "ms": "^2.1.3"
      },
      "engines": {
        "node": ">=6.0"
      },
      "peerDependenciesMeta": {
        "supports-color": {
          "optional": true
        }
      }
    },
    "node_modules/didyoumean": {
      "version": "1.2.2",
      "dev": true,
      "license": "Apache-2.0"
    },
    "node_modules/dlv": {
      "version": "1.1.3",
      "dev": true,
      "license": "MIT"
    },
    "node_modules/eastasianwidth": {
      "version": "0.2.0",
      "dev": true,
      "license": "MIT"
    },
    "node_modules/electron-to-chromium": {
      "version": "1.5.223",
      "dev": true,
      "license": "ISC"
    },
    "node_modules/emoji-regex": {
      "version": "9.2.2",
      "dev": true,
      "license": "MIT"
    },
    "node_modules/esbuild": {
      "version": "0.21.5",
      "dev": true,
      "hasInstallScript": true,
      "license": "MIT",
      "bin": {
        "esbuild": "bin/esbuild"
      },
      "engines": {
        "node": ">=12"
      },
      "optionalDependencies": {
        "@esbuild/aix-ppc64": "0.21.5",
        "@esbuild/android-arm": "0.21.5",
        "@esbuild/android-arm64": "0.21.5",
        "@esbuild/android-x64": "0.21.5",
        "@esbuild/darwin-arm64": "0.21.5",
        "@esbuild/darwin-x64": "0.21.5",
        "@esbuild/freebsd-arm64": "0.21.5",
        "@esbuild/freebsd-x64": "0.21.5",
        "@esbuild/linux-arm": "0.21.5",
        "@esbuild/linux-arm64": "0.21.5",
        "@esbuild/linux-ia32": "0.21.5",
        "@esbuild/linux-loong64": "0.21.5",
        "@esbuild/linux-mips64el": "0.21.5",
        "@esbuild/linux-ppc64": "0.21.5",
        "@esbuild/linux-riscv64": "0.21.5",
        "@esbuild/linux-s390x": "0.21.5",
        "@esbuild/linux-x64": "0.21.5",
        "@esbuild/netbsd-x64": "0.21.5",
        "@esbuild/openbsd-x64": "0.21.5",
        "@esbuild/sunos-x64": "0.21.5",
        "@esbuild/win32-arm64": "0.21.5",
        "@esbuild/win32-ia32": "0.21.5",
        "@esbuild/win32-x64": "0.21.5"
      }
    },
    "node_modules/esbuild/node_modules/@esbuild/aix-ppc64": {
      "version": "0.21.5",
      "resolved": "https://registry.npmjs.org/@esbuild/aix-ppc64/-/aix-ppc64-0.21.5.tgz",
      "integrity": "sha512-1SDgH6ZSPTlggy1yI6+Dbkiz8xzpHJEVAlF/AM1tHPLsf5STom9rwtjE4hKAF20FfXXNTFqEYXyJNWh1GiZedQ==",
      "cpu": [
        "ppc64"
      ],
      "dev": true,
      "license": "MIT",
      "optional": true,
      "os": [
        "aix"
      ],
      "engines": {
        "node": ">=12"
      }
    },
    "node_modules/esbuild/node_modules/@esbuild/android-arm": {
      "version": "0.21.5",
      "resolved": "https://registry.npmjs.org/@esbuild/android-arm/-/android-arm-0.21.5.tgz",
      "integrity": "sha512-vCPvzSjpPHEi1siZdlvAlsPxXl7WbOVUBBAowWug4rJHb68Ox8KualB+1ocNvT5fjv6wpkX6o/iEpbDrf68zcg==",
      "cpu": [
        "arm"
      ],
      "dev": true,
      "license": "MIT",
      "optional": true,
      "os": [
        "android"
      ],
      "engines": {
        "node": ">=12"
      }
    },
    "node_modules/esbuild/node_modules/@esbuild/android-arm64": {
      "version": "0.21.5",
      "resolved": "https://registry.npmjs.org/@esbuild/android-arm64/-/android-arm64-0.21.5.tgz",
      "integrity": "sha512-c0uX9VAUBQ7dTDCjq+wdyGLowMdtR/GoC2U5IYk/7D1H1JYC0qseD7+11iMP2mRLN9RcCMRcjC4YMclCzGwS/A==",
      "cpu": [
        "arm64"
      ],
      "dev": true,
      "license": "MIT",
      "optional": true,
      "os": [
        "android"
      ],
      "engines": {
        "node": ">=12"
      }
    },
    "node_modules/esbuild/node_modules/@esbuild/android-x64": {
      "version": "0.21.5",
      "resolved": "https://registry.npmjs.org/@esbuild/android-x64/-/android-x64-0.21.5.tgz",
      "integrity": "sha512-D7aPRUUNHRBwHxzxRvp856rjUHRFW1SdQATKXH2hqA0kAZb1hKmi02OpYRacl0TxIGz/ZmXWlbZgjwWYaCakTA==",
      "cpu": [
        "x64"
      ],
      "dev": true,
      "license": "MIT",
      "optional": true,
      "os": [
        "android"
      ],
      "engines": {
        "node": ">=12"
      }
    },
    "node_modules/esbuild/node_modules/@esbuild/darwin-x64": {
      "version": "0.21.5",
      "resolved": "https://registry.npmjs.org/@esbuild/darwin-x64/-/darwin-x64-0.21.5.tgz",
      "integrity": "sha512-se/JjF8NlmKVG4kNIuyWMV/22ZaerB+qaSi5MdrXtd6R08kvs2qCN4C09miupktDitvh8jRFflwGFBQcxZRjbw==",
      "cpu": [
        "x64"
      ],
      "dev": true,
      "license": "MIT",
      "optional": true,
      "os": [
        "darwin"
      ],
      "engines": {
        "node": ">=12"
      }
    },
    "node_modules/esbuild/node_modules/@esbuild/freebsd-arm64": {
      "version": "0.21.5",
      "resolved": "https://registry.npmjs.org/@esbuild/freebsd-arm64/-/freebsd-arm64-0.21.5.tgz",
      "integrity": "sha512-5JcRxxRDUJLX8JXp/wcBCy3pENnCgBR9bN6JsY4OmhfUtIHe3ZW0mawA7+RDAcMLrMIZaf03NlQiX9DGyB8h4g==",
      "cpu": [
        "arm64"
      ],
      "dev": true,
      "license": "MIT",
      "optional": true,
      "os": [
        "freebsd"
      ],
      "engines": {
        "node": ">=12"
      }
    },
    "node_modules/esbuild/node_modules/@esbuild/freebsd-x64": {
      "version": "0.21.5",
      "resolved": "https://registry.npmjs.org/@esbuild/freebsd-x64/-/freebsd-x64-0.21.5.tgz",
      "integrity": "sha512-J95kNBj1zkbMXtHVH29bBriQygMXqoVQOQYA+ISs0/2l3T9/kj42ow2mpqerRBxDJnmkUDCaQT/dfNXWX/ZZCQ==",
      "cpu": [
        "x64"
      ],
      "dev": true,
      "license": "MIT",
      "optional": true,
      "os": [
        "freebsd"
      ],
      "engines": {
        "node": ">=12"
      }
    },
    "node_modules/esbuild/node_modules/@esbuild/linux-arm": {
      "version": "0.21.5",
      "resolved": "https://registry.npmjs.org/@esbuild/linux-arm/-/linux-arm-0.21.5.tgz",
      "integrity": "sha512-bPb5AHZtbeNGjCKVZ9UGqGwo8EUu4cLq68E95A53KlxAPRmUyYv2D6F0uUI65XisGOL1hBP5mTronbgo+0bFcA==",
      "cpu": [
        "arm"
      ],
      "dev": true,
      "license": "MIT",
      "optional": true,
      "os": [
        "linux"
      ],
      "engines": {
        "node": ">=12"
      }
    },
    "node_modules/esbuild/node_modules/@esbuild/linux-arm64": {
      "version": "0.21.5",
      "resolved": "https://registry.npmjs.org/@esbuild/linux-arm64/-/linux-arm64-0.21.5.tgz",
      "integrity": "sha512-ibKvmyYzKsBeX8d8I7MH/TMfWDXBF3db4qM6sy+7re0YXya+K1cem3on9XgdT2EQGMu4hQyZhan7TeQ8XkGp4Q==",
      "cpu": [
        "arm64"
      ],
      "dev": true,
      "license": "MIT",
      "optional": true,
      "os": [
        "linux"
      ],
      "engines": {
        "node": ">=12"
      }
    },
    "node_modules/esbuild/node_modules/@esbuild/linux-ia32": {
      "version": "0.21.5",
      "resolved": "https://registry.npmjs.org/@esbuild/linux-ia32/-/linux-ia32-0.21.5.tgz",
      "integrity": "sha512-YvjXDqLRqPDl2dvRODYmmhz4rPeVKYvppfGYKSNGdyZkA01046pLWyRKKI3ax8fbJoK5QbxblURkwK/MWY18Tg==",
      "cpu": [
        "ia32"
      ],
      "dev": true,
      "license": "MIT",
      "optional": true,
      "os": [
        "linux"
      ],
      "engines": {
        "node": ">=12"
      }
    },
    "node_modules/esbuild/node_modules/@esbuild/linux-loong64": {
      "version": "0.21.5",
      "resolved": "https://registry.npmjs.org/@esbuild/linux-loong64/-/linux-loong64-0.21.5.tgz",
      "integrity": "sha512-uHf1BmMG8qEvzdrzAqg2SIG/02+4/DHB6a9Kbya0XDvwDEKCoC8ZRWI5JJvNdUjtciBGFQ5PuBlpEOXQj+JQSg==",
      "cpu": [
        "loong64"
      ],
      "dev": true,
      "license": "MIT",
      "optional": true,
      "os": [
        "linux"
      ],
      "engines": {
        "node": ">=12"
      }
    },
    "node_modules/esbuild/node_modules/@esbuild/linux-mips64el": {
      "version": "0.21.5",
      "resolved": "https://registry.npmjs.org/@esbuild/linux-mips64el/-/linux-mips64el-0.21.5.tgz",
      "integrity": "sha512-IajOmO+KJK23bj52dFSNCMsz1QP1DqM6cwLUv3W1QwyxkyIWecfafnI555fvSGqEKwjMXVLokcV5ygHW5b3Jbg==",
      "cpu": [
        "mips64el"
      ],
      "dev": true,
      "license": "MIT",
      "optional": true,
      "os": [
        "linux"
      ],
      "engines": {
        "node": ">=12"
      }
    },
    "node_modules/esbuild/node_modules/@esbuild/linux-ppc64": {
      "version": "0.21.5",
      "resolved": "https://registry.npmjs.org/@esbuild/linux-ppc64/-/linux-ppc64-0.21.5.tgz",
      "integrity": "sha512-1hHV/Z4OEfMwpLO8rp7CvlhBDnjsC3CttJXIhBi+5Aj5r+MBvy4egg7wCbe//hSsT+RvDAG7s81tAvpL2XAE4w==",
      "cpu": [
        "ppc64"
      ],
      "dev": true,
      "license": "MIT",
      "optional": true,
      "os": [
        "linux"
      ],
      "engines": {
        "node": ">=12"
      }
    },
    "node_modules/esbuild/node_modules/@esbuild/linux-riscv64": {
      "version": "0.21.5",
      "resolved": "https://registry.npmjs.org/@esbuild/linux-riscv64/-/linux-riscv64-0.21.5.tgz",
      "integrity": "sha512-2HdXDMd9GMgTGrPWnJzP2ALSokE/0O5HhTUvWIbD3YdjME8JwvSCnNGBnTThKGEB91OZhzrJ4qIIxk/SBmyDDA==",
      "cpu": [
        "riscv64"
      ],
      "dev": true,
      "license": "MIT",
      "optional": true,
      "os": [
        "linux"
      ],
      "engines": {
        "node": ">=12"
      }
    },
    "node_modules/esbuild/node_modules/@esbuild/linux-s390x": {
      "version": "0.21.5",
      "resolved": "https://registry.npmjs.org/@esbuild/linux-s390x/-/linux-s390x-0.21.5.tgz",
      "integrity": "sha512-zus5sxzqBJD3eXxwvjN1yQkRepANgxE9lgOW2qLnmr8ikMTphkjgXu1HR01K4FJg8h1kEEDAqDcZQtbrRnB41A==",
      "cpu": [
        "s390x"
      ],
      "dev": true,
      "license": "MIT",
      "optional": true,
      "os": [
        "linux"
      ],
      "engines": {
        "node": ">=12"
      }
    },
    "node_modules/esbuild/node_modules/@esbuild/linux-x64": {
      "version": "0.21.5",
      "resolved": "https://registry.npmjs.org/@esbuild/linux-x64/-/linux-x64-0.21.5.tgz",
      "integrity": "sha512-1rYdTpyv03iycF1+BhzrzQJCdOuAOtaqHTWJZCWvijKD2N5Xu0TtVC8/+1faWqcP9iBCWOmjmhoH94dH82BxPQ==",
      "cpu": [
        "x64"
      ],
      "dev": true,
      "license": "MIT",
      "optional": true,
      "os": [
        "linux"
      ],
      "engines": {
        "node": ">=12"
      }
    },
    "node_modules/esbuild/node_modules/@esbuild/netbsd-x64": {
      "version": "0.21.5",
      "resolved": "https://registry.npmjs.org/@esbuild/netbsd-x64/-/netbsd-x64-0.21.5.tgz",
      "integrity": "sha512-Woi2MXzXjMULccIwMnLciyZH4nCIMpWQAs049KEeMvOcNADVxo0UBIQPfSmxB3CWKedngg7sWZdLvLczpe0tLg==",
      "cpu": [
        "x64"
      ],
      "dev": true,
      "license": "MIT",
      "optional": true,
      "os": [
        "netbsd"
      ],
      "engines": {
        "node": ">=12"
      }
    },
    "node_modules/esbuild/node_modules/@esbuild/openbsd-x64": {
      "version": "0.21.5",
      "resolved": "https://registry.npmjs.org/@esbuild/openbsd-x64/-/openbsd-x64-0.21.5.tgz",
      "integrity": "sha512-HLNNw99xsvx12lFBUwoT8EVCsSvRNDVxNpjZ7bPn947b8gJPzeHWyNVhFsaerc0n3TsbOINvRP2byTZ5LKezow==",
      "cpu": [
        "x64"
      ],
      "dev": true,
      "license": "MIT",
      "optional": true,
      "os": [
        "openbsd"
      ],
      "engines": {
        "node": ">=12"
      }
    },
    "node_modules/esbuild/node_modules/@esbuild/sunos-x64": {
      "version": "0.21.5",
      "resolved": "https://registry.npmjs.org/@esbuild/sunos-x64/-/sunos-x64-0.21.5.tgz",
      "integrity": "sha512-6+gjmFpfy0BHU5Tpptkuh8+uw3mnrvgs+dSPQXQOv3ekbordwnzTVEb4qnIvQcYXq6gzkyTnoZ9dZG+D4garKg==",
      "cpu": [
        "x64"
      ],
      "dev": true,
      "license": "MIT",
      "optional": true,
      "os": [
        "sunos"
      ],
      "engines": {
        "node": ">=12"
      }
    },
    "node_modules/esbuild/node_modules/@esbuild/win32-arm64": {
      "version": "0.21.5",
      "resolved": "https://registry.npmjs.org/@esbuild/win32-arm64/-/win32-arm64-0.21.5.tgz",
      "integrity": "sha512-Z0gOTd75VvXqyq7nsl93zwahcTROgqvuAcYDUr+vOv8uHhNSKROyU961kgtCD1e95IqPKSQKH7tBTslnS3tA8A==",
      "cpu": [
        "arm64"
      ],
      "dev": true,
      "license": "MIT",
      "optional": true,
      "os": [
        "win32"
      ],
      "engines": {
        "node": ">=12"
      }
    },
    "node_modules/esbuild/node_modules/@esbuild/win32-ia32": {
      "version": "0.21.5",
      "resolved": "https://registry.npmjs.org/@esbuild/win32-ia32/-/win32-ia32-0.21.5.tgz",
      "integrity": "sha512-SWXFF1CL2RVNMaVs+BBClwtfZSvDgtL//G/smwAc5oVK/UPu2Gu9tIaRgFmYFFKrmg3SyAjSrElf0TiJ1v8fYA==",
      "cpu": [
        "ia32"
      ],
      "dev": true,
      "license": "MIT",
      "optional": true,
      "os": [
        "win32"
      ],
      "engines": {
        "node": ">=12"
      }
    },
    "node_modules/esbuild/node_modules/@esbuild/win32-x64": {
      "version": "0.21.5",
      "resolved": "https://registry.npmjs.org/@esbuild/win32-x64/-/win32-x64-0.21.5.tgz",
      "integrity": "sha512-tQd/1efJuzPC6rCFwEvLtci/xNFcTZknmXs98FYDfGE4wP9ClFV98nyKrzJKVPMhdDnjzLhdUyMX4PsQAPjwIw==",
      "cpu": [
        "x64"
      ],
      "dev": true,
      "license": "MIT",
      "optional": true,
      "os": [
        "win32"
      ],
      "engines": {
        "node": ">=12"
      }
    },
    "node_modules/escalade": {
      "version": "3.2.0",
      "dev": true,
      "license": "MIT",
      "engines": {
        "node": ">=6"
      }
    },
    "node_modules/fast-glob": {
      "version": "3.3.3",
      "dev": true,
      "license": "MIT",
      "dependencies": {
        "@nodelib/fs.stat": "^2.0.2",
        "@nodelib/fs.walk": "^1.2.3",
        "glob-parent": "^5.1.2",
        "merge2": "^1.3.0",
        "micromatch": "^4.0.8"
      },
      "engines": {
        "node": ">=8.6.0"
      }
    },
    "node_modules/fast-glob/node_modules/glob-parent": {
      "version": "5.1.2",
      "dev": true,
      "license": "ISC",
      "dependencies": {
        "is-glob": "^4.0.1"
      },
      "engines": {
        "node": ">= 6"
      }
    },
    "node_modules/fastq": {
      "version": "1.19.1",
      "dev": true,
      "license": "ISC",
      "dependencies": {
        "reusify": "^1.0.4"
      }
    },
    "node_modules/fill-range": {
      "version": "7.1.1",
      "dev": true,
      "license": "MIT",
      "dependencies": {
        "to-regex-range": "^5.0.1"
      },
      "engines": {
        "node": ">=8"
      }
    },
    "node_modules/foreground-child": {
      "version": "3.3.1",
      "dev": true,
      "license": "ISC",
      "dependencies": {
        "cross-spawn": "^7.0.6",
        "signal-exit": "^4.0.1"
      },
      "engines": {
        "node": ">=14"
      },
      "funding": {
        "url": "https://github.com/sponsors/isaacs"
      }
    },
    "node_modules/fraction.js": {
      "version": "4.3.7",
      "dev": true,
      "license": "MIT",
      "engines": {
        "node": "*"
      },
      "funding": {
        "type": "patreon",
        "url": "https://github.com/sponsors/rawify"
      }
    },
    "node_modules/framer-motion": {
      "version": "11.18.2",
      "resolved": "https://registry.npmjs.org/framer-motion/-/framer-motion-11.18.2.tgz",
      "integrity": "sha512-5F5Och7wrvtLVElIpclDT0CBzMVg3dL22B64aZwHtsIY8RB4mXICLrkajK4G9R+ieSAGcgrLeae2SeUTg2pr6w==",
      "license": "MIT",
      "dependencies": {
        "motion-dom": "^11.18.1",
        "motion-utils": "^11.18.1",
        "tslib": "^2.4.0"
      },
      "peerDependencies": {
        "@emotion/is-prop-valid": "*",
        "react": "^18.0.0 || ^19.0.0",
        "react-dom": "^18.0.0 || ^19.0.0"
      },
      "peerDependenciesMeta": {
        "@emotion/is-prop-valid": {
          "optional": true
        },
        "react": {
          "optional": true
        },
        "react-dom": {
          "optional": true
        }
      }
    },
    "node_modules/fsevents": {
      "version": "2.3.3",
      "dev": true,
      "license": "MIT",
      "optional": true,
      "os": [
        "darwin"
      ],
      "engines": {
        "node": "^8.16.0 || ^10.6.0 || >=11.0.0"
      }
    },
    "node_modules/function-bind": {
      "version": "1.1.2",
      "dev": true,
      "license": "MIT",
      "funding": {
        "url": "https://github.com/sponsors/ljharb"
      }
    },
    "node_modules/gensync": {
      "version": "1.0.0-beta.2",
      "dev": true,
      "license": "MIT",
      "engines": {
        "node": ">=6.9.0"
      }
    },
    "node_modules/glob": {
      "version": "10.4.5",
      "dev": true,
      "license": "ISC",
      "dependencies": {
        "foreground-child": "^3.1.0",
        "jackspeak": "^3.1.2",
        "minimatch": "^9.0.4",
        "minipass": "^7.1.2",
        "package-json-from-dist": "^1.0.0",
        "path-scurry": "^1.11.1"
      },
      "bin": {
        "glob": "dist/esm/bin.mjs"
      },
      "funding": {
        "url": "https://github.com/sponsors/isaacs"
      }
    },
    "node_modules/glob-parent": {
      "version": "6.0.2",
      "dev": true,
      "license": "ISC",
      "dependencies": {
        "is-glob": "^4.0.3"
      },
      "engines": {
        "node": ">=10.13.0"
      }
    },
    "node_modules/hasown": {
      "version": "2.0.2",
      "dev": true,
      "license": "MIT",
      "dependencies": {
        "function-bind": "^1.1.2"
      },
      "engines": {
        "node": ">= 0.4"
      }
    },
    "node_modules/is-binary-path": {
      "version": "2.1.0",
      "dev": true,
      "license": "MIT",
      "dependencies": {
        "binary-extensions": "^2.0.0"
      },
      "engines": {
        "node": ">=8"
      }
    },
    "node_modules/is-core-module": {
      "version": "2.16.1",
      "dev": true,
      "license": "MIT",
      "dependencies": {
        "hasown": "^2.0.2"
      },
      "engines": {
        "node": ">= 0.4"
      },
      "funding": {
        "url": "https://github.com/sponsors/ljharb"
      }
    },
    "node_modules/is-extglob": {
      "version": "2.1.1",
      "dev": true,
      "license": "MIT",
      "engines": {
        "node": ">=0.10.0"
      }
    },
    "node_modules/is-fullwidth-code-point": {
      "version": "3.0.0",
      "dev": true,
      "license": "MIT",
      "engines": {
        "node": ">=8"
      }
    },
    "node_modules/is-glob": {
      "version": "4.0.3",
      "dev": true,
      "license": "MIT",
      "dependencies": {
        "is-extglob": "^2.1.1"
      },
      "engines": {
        "node": ">=0.10.0"
      }
    },
    "node_modules/is-number": {
      "version": "7.0.0",
      "dev": true,
      "license": "MIT",
      "engines": {
        "node": ">=0.12.0"
      }
    },
    "node_modules/isexe": {
      "version": "2.0.0",
      "dev": true,
      "license": "ISC"
    },
    "node_modules/jackspeak": {
      "version": "3.4.3",
      "dev": true,
      "license": "BlueOak-1.0.0",
      "dependencies": {
        "@isaacs/cliui": "^8.0.2"
      },
      "funding": {
        "url": "https://github.com/sponsors/isaacs"
      },
      "optionalDependencies": {
        "@pkgjs/parseargs": "^0.11.0"
      }
    },
    "node_modules/jiti": {
      "version": "1.21.7",
      "dev": true,
      "license": "MIT",
      "bin": {
        "jiti": "bin/jiti.js"
      }
    },
    "node_modules/js-tokens": {
      "version": "4.0.0",
      "license": "MIT"
    },
    "node_modules/jsesc": {
      "version": "3.1.0",
      "dev": true,
      "license": "MIT",
      "bin": {
        "jsesc": "bin/jsesc"
      },
      "engines": {
        "node": ">=6"
      }
    },
    "node_modules/json5": {
      "version": "2.2.3",
      "dev": true,
      "license": "MIT",
      "bin": {
        "json5": "lib/cli.js"
      },
      "engines": {
        "node": ">=6"
      }
    },
    "node_modules/lilconfig": {
      "version": "3.1.3",
      "dev": true,
      "license": "MIT",
      "engines": {
        "node": ">=14"
      },
      "funding": {
        "url": "https://github.com/sponsors/antonk52"
      }
    },
    "node_modules/lines-and-columns": {
      "version": "1.2.4",
      "dev": true,
      "license": "MIT"
    },
    "node_modules/loose-envify": {
      "version": "1.4.0",
      "license": "MIT",
      "dependencies": {
        "js-tokens": "^3.0.0 || ^4.0.0"
      },
      "bin": {
        "loose-envify": "cli.js"
      }
    },
    "node_modules/lru-cache": {
      "version": "5.1.1",
      "dev": true,
      "license": "ISC",
      "dependencies": {
        "yallist": "^3.0.2"
      }
    },
    "node_modules/lucide-react": {
      "version": "0.441.0",
      "license": "ISC",
      "peerDependencies": {
        "react": "^16.5.1 || ^17.0.0 || ^18.0.0 || ^19.0.0-rc"
      }
    },
    "node_modules/merge2": {
      "version": "1.4.1",
      "dev": true,
      "license": "MIT",
      "engines": {
        "node": ">= 8"
      }
    },
    "node_modules/micromatch": {
      "version": "4.0.8",
      "dev": true,
      "license": "MIT",
      "dependencies": {
        "braces": "^3.0.3",
        "picomatch": "^2.3.1"
      },
      "engines": {
        "node": ">=8.6"
      }
    },
    "node_modules/minimatch": {
      "version": "9.0.5",
      "dev": true,
      "license": "ISC",
      "dependencies": {
        "brace-expansion": "^2.0.1"
      },
      "engines": {
        "node": ">=16 || 14 >=14.17"
      },
      "funding": {
        "url": "https://github.com/sponsors/isaacs"
      }
    },
    "node_modules/minipass": {
      "version": "7.1.2",
      "dev": true,
      "license": "ISC",
      "engines": {
        "node": ">=16 || 14 >=14.17"
      }
    },
    "node_modules/motion-dom": {
      "version": "11.18.1",
      "license": "MIT",
      "dependencies": {
        "motion-utils": "^11.18.1"
      }
    },
    "node_modules/motion-utils": {
      "version": "11.18.1",
      "license": "MIT"
    },
    "node_modules/ms": {
      "version": "2.1.3",
      "dev": true,
      "license": "MIT"
    },
    "node_modules/mz": {
      "version": "2.7.0",
      "dev": true,
      "license": "MIT",
      "dependencies": {
        "any-promise": "^1.0.0",
        "object-assign": "^4.0.1",
        "thenify-all": "^1.0.0"
      }
    },
    "node_modules/nanoid": {
      "version": "3.3.11",
      "dev": true,
      "funding": [
        {
          "type": "github",
          "url": "https://github.com/sponsors/ai"
        }
      ],
      "license": "MIT",
      "bin": {
        "nanoid": "bin/nanoid.cjs"
      },
      "engines": {
        "node": "^10 || ^12 || ^13.7 || ^14 || >=15.0.1"
      }
    },
    "node_modules/node-releases": {
      "version": "2.0.21",
      "dev": true,
      "license": "MIT"
    },
    "node_modules/normalize-path": {
      "version": "3.0.0",
      "dev": true,
      "license": "MIT",
      "engines": {
        "node": ">=0.10.0"
      }
    },
    "node_modules/normalize-range": {
      "version": "0.1.2",
      "dev": true,
      "license": "MIT",
      "engines": {
        "node": ">=0.10.0"
      }
    },
    "node_modules/object-assign": {
      "version": "4.1.1",
      "dev": true,
      "license": "MIT",
      "engines": {
        "node": ">=0.10.0"
      }
    },
    "node_modules/object-hash": {
      "version": "3.0.0",
      "dev": true,
      "license": "MIT",
      "engines": {
        "node": ">= 6"
      }
    },
    "node_modules/package-json-from-dist": {
      "version": "1.0.1",
      "dev": true,
      "license": "BlueOak-1.0.0"
    },
    "node_modules/path-key": {
      "version": "3.1.1",
      "dev": true,
      "license": "MIT",
      "engines": {
        "node": ">=8"
      }
    },
    "node_modules/path-parse": {
      "version": "1.0.7",
      "dev": true,
      "license": "MIT"
    },
    "node_modules/path-scurry": {
      "version": "1.11.1",
      "dev": true,
      "license": "BlueOak-1.0.0",
      "dependencies": {
        "lru-cache": "^10.2.0",
        "minipass": "^5.0.0 || ^6.0.2 || ^7.0.0"
      },
      "engines": {
        "node": ">=16 || 14 >=14.18"
      },
      "funding": {
        "url": "https://github.com/sponsors/isaacs"
      }
    },
    "node_modules/path-scurry/node_modules/lru-cache": {
      "version": "10.4.3",
      "dev": true,
      "license": "ISC"
    },
    "node_modules/picocolors": {
      "version": "1.1.1",
      "dev": true,
      "license": "ISC"
    },
    "node_modules/picomatch": {
      "version": "2.3.1",
      "dev": true,
      "license": "MIT",
      "engines": {
        "node": ">=8.6"
      },
      "funding": {
        "url": "https://github.com/sponsors/jonschlinkert"
      }
    },
    "node_modules/pify": {
      "version": "2.3.0",
      "dev": true,
      "license": "MIT",
      "engines": {
        "node": ">=0.10.0"
      }
    },
    "node_modules/pirates": {
      "version": "4.0.7",
      "dev": true,
      "license": "MIT",
      "engines": {
        "node": ">= 6"
      }
    },
    "node_modules/postcss": {
      "version": "8.5.6",
      "dev": true,
      "funding": [
        {
          "type": "opencollective",
          "url": "https://opencollective.com/postcss/"
        },
        {
          "type": "tidelift",
          "url": "https://tidelift.com/funding/github/npm/postcss"
        },
        {
          "type": "github",
          "url": "https://github.com/sponsors/ai"
        }
      ],
      "license": "MIT",
      "dependencies": {
        "nanoid": "^3.3.11",
        "picocolors": "^1.1.1",
        "source-map-js": "^1.2.1"
      },
      "engines": {
        "node": "^10 || ^12 || >=14"
      }
    },
    "node_modules/postcss-import": {
      "version": "15.1.0",
      "dev": true,
      "license": "MIT",
      "dependencies": {
        "postcss-value-parser": "^4.0.0",
        "read-cache": "^1.0.0",
        "resolve": "^1.1.7"
      },
      "engines": {
        "node": ">=14.0.0"
      },
      "peerDependencies": {
        "postcss": "^8.0.0"
      }
    },
    "node_modules/postcss-js": {
      "version": "4.1.0",
      "dev": true,
      "funding": [
        {
          "type": "opencollective",
          "url": "https://opencollective.com/postcss/"
        },
        {
          "type": "github",
          "url": "https://github.com/sponsors/ai"
        }
      ],
      "license": "MIT",
      "dependencies": {
        "camelcase-css": "^2.0.1"
      },
      "engines": {
        "node": "^12 || ^14 || >= 16"
      },
      "peerDependencies": {
        "postcss": "^8.4.21"
      }
    },
    "node_modules/postcss-load-config": {
      "version": "4.0.2",
      "dev": true,
      "funding": [
        {
          "type": "opencollective",
          "url": "https://opencollective.com/postcss/"
        },
        {
          "type": "github",
          "url": "https://github.com/sponsors/ai"
        }
      ],
      "license": "MIT",
      "dependencies": {
        "lilconfig": "^3.0.0",
        "yaml": "^2.3.4"
      },
      "engines": {
        "node": ">= 14"
      },
      "peerDependencies": {
        "postcss": ">=8.0.9",
        "ts-node": ">=9.0.0"
      },
      "peerDependenciesMeta": {
        "postcss": {
          "optional": true
        },
        "ts-node": {
          "optional": true
        }
      }
    },
    "node_modules/postcss-nested": {
      "version": "6.2.0",
      "dev": true,
      "funding": [
        {
          "type": "opencollective",
          "url": "https://opencollective.com/postcss/"
        },
        {
          "type": "github",
          "url": "https://github.com/sponsors/ai"
        }
      ],
      "license": "MIT",
      "dependencies": {
        "postcss-selector-parser": "^6.1.1"
      },
      "engines": {
        "node": ">=12.0"
      },
      "peerDependencies": {
        "postcss": "^8.2.14"
      }
    },
    "node_modules/postcss-selector-parser": {
      "version": "6.1.2",
      "dev": true,
      "license": "MIT",
      "dependencies": {
        "cssesc": "^3.0.0",
        "util-deprecate": "^1.0.2"
      },
      "engines": {
        "node": ">=4"
      }
    },
    "node_modules/postcss-value-parser": {
      "version": "4.2.0",
      "dev": true,
      "license": "MIT"
    },
    "node_modules/queue-microtask": {
      "version": "1.2.3",
      "dev": true,
      "funding": [
        {
          "type": "github",
          "url": "https://github.com/sponsors/feross"
        },
        {
          "type": "patreon",
          "url": "https://www.patreon.com/feross"
        },
        {
          "type": "consulting",
          "url": "https://feross.org/support"
        }
      ],
      "license": "MIT"
    },
    "node_modules/react": {
      "version": "18.3.1",
      "license": "MIT",
      "dependencies": {
        "loose-envify": "^1.1.0"
      },
      "engines": {
        "node": ">=0.10.0"
      }
    },
    "node_modules/react-dom": {
      "version": "18.3.1",
      "resolved": "https://registry.npmjs.org/react-dom/-/react-dom-18.3.1.tgz",
      "integrity": "sha512-5m4nQKp+rZRb09LNH59GM4BxTh9251/ylbKIbpe7TpGxfJ+9kv6BLkLBXIjjspbgbnIBNqlI23tRnTWT0snUIw==",
      "license": "MIT",
      "dependencies": {
        "loose-envify": "^1.1.0",
        "scheduler": "^0.23.2"
      },
      "peerDependencies": {
        "react": "^18.3.1"
      }
    },
    "node_modules/react-refresh": {
      "version": "0.17.0",
      "dev": true,
      "license": "MIT",
      "engines": {
        "node": ">=0.10.0"
      }
    },
    "node_modules/react-router": {
      "version": "6.30.1",
      "license": "MIT",
      "dependencies": {
        "@remix-run/router": "1.23.0"
      },
      "engines": {
        "node": ">=14.0.0"
      },
      "peerDependencies": {
        "react": ">=16.8"
      }
    },
    "node_modules/react-router-dom": {
      "version": "6.30.1",
      "license": "MIT",
      "dependencies": {
        "@remix-run/router": "1.23.0",
        "react-router": "6.30.1"
      },
      "engines": {
        "node": ">=14.0.0"
      },
      "peerDependencies": {
        "react": ">=16.8",
        "react-dom": ">=16.8"
      }
    },
    "node_modules/read-cache": {
      "version": "1.0.0",
      "dev": true,
      "license": "MIT",
      "dependencies": {
        "pify": "^2.3.0"
      }
    },
    "node_modules/readdirp": {
      "version": "3.6.0",
      "dev": true,
      "license": "MIT",
      "dependencies": {
        "picomatch": "^2.2.1"
      },
      "engines": {
        "node": ">=8.10.0"
      }
    },
    "node_modules/resolve": {
      "version": "1.22.10",
      "dev": true,
      "license": "MIT",
      "dependencies": {
        "is-core-module": "^2.16.0",
        "path-parse": "^1.0.7",
        "supports-preserve-symlinks-flag": "^1.0.0"
      },
      "bin": {
        "resolve": "bin/resolve"
      },
      "engines": {
        "node": ">= 0.4"
      },
      "funding": {
        "url": "https://github.com/sponsors/ljharb"
      }
    },
    "node_modules/reusify": {
      "version": "1.1.0",
      "dev": true,
      "license": "MIT",
      "engines": {
        "iojs": ">=1.0.0",
        "node": ">=0.10.0"
      }
    },
    "node_modules/rollup": {
      "version": "4.52.2",
      "dev": true,
      "license": "MIT",
      "dependencies": {
        "@types/estree": "1.0.8"
      },
      "bin": {
        "rollup": "dist/bin/rollup"
      },
      "engines": {
        "node": ">=18.0.0",
        "npm": ">=8.0.0"
      },
      "optionalDependencies": {
        "@rollup/rollup-android-arm-eabi": "4.52.2",
        "@rollup/rollup-android-arm64": "4.52.2",
        "@rollup/rollup-darwin-arm64": "4.52.2",
        "@rollup/rollup-darwin-x64": "4.52.2",
        "@rollup/rollup-freebsd-arm64": "4.52.2",
        "@rollup/rollup-freebsd-x64": "4.52.2",
        "@rollup/rollup-linux-arm-gnueabihf": "4.52.2",
        "@rollup/rollup-linux-arm-musleabihf": "4.52.2",
        "@rollup/rollup-linux-arm64-gnu": "4.52.2",
        "@rollup/rollup-linux-arm64-musl": "4.52.2",
        "@rollup/rollup-linux-loong64-gnu": "4.52.2",
        "@rollup/rollup-linux-ppc64-gnu": "4.52.2",
        "@rollup/rollup-linux-riscv64-gnu": "4.52.2",
        "@rollup/rollup-linux-riscv64-musl": "4.52.2",
        "@rollup/rollup-linux-s390x-gnu": "4.52.2",
        "@rollup/rollup-linux-x64-gnu": "4.52.2",
        "@rollup/rollup-linux-x64-musl": "4.52.2",
        "@rollup/rollup-openharmony-arm64": "4.52.2",
        "@rollup/rollup-win32-arm64-msvc": "4.52.2",
        "@rollup/rollup-win32-ia32-msvc": "4.52.2",
        "@rollup/rollup-win32-x64-gnu": "4.52.2",
        "@rollup/rollup-win32-x64-msvc": "4.52.2",
        "fsevents": "~2.3.2"
      }
    },
    "node_modules/rollup/node_modules/@rollup/rollup-android-arm-eabi": {
      "version": "4.52.2",
      "resolved": "https://registry.npmjs.org/@rollup/rollup-android-arm-eabi/-/rollup-android-arm-eabi-4.52.2.tgz",
      "integrity": "sha512-o3pcKzJgSGt4d74lSZ+OCnHwkKBeAbFDmbEm5gg70eA8VkyCuC/zV9TwBnmw6VjDlRdF4Pshfb+WE9E6XY1PoQ==",
      "cpu": [
        "arm"
      ],
      "dev": true,
      "license": "MIT",
      "optional": true,
      "os": [
        "android"
      ]
    },
    "node_modules/rollup/node_modules/@rollup/rollup-android-arm64": {
      "version": "4.52.2",
      "resolved": "https://registry.npmjs.org/@rollup/rollup-android-arm64/-/rollup-android-arm64-4.52.2.tgz",
      "integrity": "sha512-cqFSWO5tX2vhC9hJTK8WAiPIm4Q8q/cU8j2HQA0L3E1uXvBYbOZMhE2oFL8n2pKB5sOCHY6bBuHaRwG7TkfJyw==",
      "cpu": [
        "arm64"
      ],
      "dev": true,
      "license": "MIT",
      "optional": true,
      "os": [
        "android"
      ]
    },
    "node_modules/rollup/node_modules/@rollup/rollup-darwin-x64": {
      "version": "4.52.2",
      "resolved": "https://registry.npmjs.org/@rollup/rollup-darwin-x64/-/rollup-darwin-x64-4.52.2.tgz",
      "integrity": "sha512-h11KikYrUCYTrDj6h939hhMNlqU2fo/X4NB0OZcys3fya49o1hmFaczAiJWVAFgrM1NCP6RrO7lQKeVYSKBPSQ==",
      "cpu": [
        "x64"
      ],
      "dev": true,
      "license": "MIT",
      "optional": true,
      "os": [
        "darwin"
      ]
    },
    "node_modules/rollup/node_modules/@rollup/rollup-freebsd-arm64": {
      "version": "4.52.2",
      "resolved": "https://registry.npmjs.org/@rollup/rollup-freebsd-arm64/-/rollup-freebsd-arm64-4.52.2.tgz",
      "integrity": "sha512-/eg4CI61ZUkLXxMHyVlmlGrSQZ34xqWlZNW43IAU4RmdzWEx0mQJ2mN/Cx4IHLVZFL6UBGAh+/GXhgvGb+nVxw==",
      "cpu": [
        "arm64"
      ],
      "dev": true,
      "license": "MIT",
      "optional": true,
      "os": [
        "freebsd"
      ]
    },
    "node_modules/rollup/node_modules/@rollup/rollup-freebsd-x64": {
      "version": "4.52.2",
      "resolved": "https://registry.npmjs.org/@rollup/rollup-freebsd-x64/-/rollup-freebsd-x64-4.52.2.tgz",
      "integrity": "sha512-QOWgFH5X9+p+S1NAfOqc0z8qEpJIoUHf7OWjNUGOeW18Mx22lAUOiA9b6r2/vpzLdfxi/f+VWsYjUOMCcYh0Ng==",
      "cpu": [
        "x64"
      ],
      "dev": true,
      "license": "MIT",
      "optional": true,
      "os": [
        "freebsd"
      ]
    },
    "node_modules/rollup/node_modules/@rollup/rollup-linux-arm-gnueabihf": {
      "version": "4.52.2",
      "resolved": "https://registry.npmjs.org/@rollup/rollup-linux-arm-gnueabihf/-/rollup-linux-arm-gnueabihf-4.52.2.tgz",
      "integrity": "sha512-kDWSPafToDd8LcBYd1t5jw7bD5Ojcu12S3uT372e5HKPzQt532vW+rGFFOaiR0opxePyUkHrwz8iWYEyH1IIQA==",
      "cpu": [
        "arm"
      ],
      "dev": true,
      "license": "MIT",
      "optional": true,
      "os": [
        "linux"
      ]
    },
    "node_modules/rollup/node_modules/@rollup/rollup-linux-arm-musleabihf": {
      "version": "4.52.2",
      "resolved": "https://registry.npmjs.org/@rollup/rollup-linux-arm-musleabihf/-/rollup-linux-arm-musleabihf-4.52.2.tgz",
      "integrity": "sha512-gKm7Mk9wCv6/rkzwCiUC4KnevYhlf8ztBrDRT9g/u//1fZLapSRc+eDZj2Eu2wpJ+0RzUKgtNijnVIB4ZxyL+w==",
      "cpu": [
        "arm"
      ],
      "dev": true,
      "license": "MIT",
      "optional": true,
      "os": [
        "linux"
      ]
    },
    "node_modules/rollup/node_modules/@rollup/rollup-linux-arm64-gnu": {
      "version": "4.52.2",
      "resolved": "https://registry.npmjs.org/@rollup/rollup-linux-arm64-gnu/-/rollup-linux-arm64-gnu-4.52.2.tgz",
      "integrity": "sha512-66lA8vnj5mB/rtDNwPgrrKUOtCLVQypkyDa2gMfOefXK6rcZAxKLO9Fy3GkW8VkPnENv9hBkNOFfGLf6rNKGUg==",
      "cpu": [
        "arm64"
      ],
      "dev": true,
      "license": "MIT",
      "optional": true,
      "os": [
        "linux"
      ]
    },
    "node_modules/rollup/node_modules/@rollup/rollup-linux-arm64-musl": {
      "version": "4.52.2",
      "resolved": "https://registry.npmjs.org/@rollup/rollup-linux-arm64-musl/-/rollup-linux-arm64-musl-4.52.2.tgz",
      "integrity": "sha512-s+OPucLNdJHvuZHuIz2WwncJ+SfWHFEmlC5nKMUgAelUeBUnlB4wt7rXWiyG4Zn07uY2Dd+SGyVa9oyLkVGOjA==",
      "cpu": [
        "arm64"
      ],
      "dev": true,
      "license": "MIT",
      "optional": true,
      "os": [
        "linux"
      ]
    },
    "node_modules/rollup/node_modules/@rollup/rollup-linux-loong64-gnu": {
      "version": "4.52.2",
      "resolved": "https://registry.npmjs.org/@rollup/rollup-linux-loong64-gnu/-/rollup-linux-loong64-gnu-4.52.2.tgz",
      "integrity": "sha512-8wTRM3+gVMDLLDdaT6tKmOE3lJyRy9NpJUS/ZRWmLCmOPIJhVyXwjBo+XbrrwtV33Em1/eCTd5TuGJm4+DmYjw==",
      "cpu": [
        "loong64"
      ],
      "dev": true,
      "license": "MIT",
      "optional": true,
      "os": [
        "linux"
      ]
    },
    "node_modules/rollup/node_modules/@rollup/rollup-linux-ppc64-gnu": {
      "version": "4.52.2",
      "resolved": "https://registry.npmjs.org/@rollup/rollup-linux-ppc64-gnu/-/rollup-linux-ppc64-gnu-4.52.2.tgz",
      "integrity": "sha512-6yqEfgJ1anIeuP2P/zhtfBlDpXUb80t8DpbYwXQ3bQd95JMvUaqiX+fKqYqUwZXqdJDd8xdilNtsHM2N0cFm6A==",
      "cpu": [
        "ppc64"
      ],
      "dev": true,
      "license": "MIT",
      "optional": true,
      "os": [
        "linux"
      ]
    },
    "node_modules/rollup/node_modules/@rollup/rollup-linux-riscv64-gnu": {
      "version": "4.52.2",
      "resolved": "https://registry.npmjs.org/@rollup/rollup-linux-riscv64-gnu/-/rollup-linux-riscv64-gnu-4.52.2.tgz",
      "integrity": "sha512-sshYUiYVSEI2B6dp4jMncwxbrUqRdNApF2c3bhtLAU0qA8Lrri0p0NauOsTWh3yCCCDyBOjESHMExonp7Nzc0w==",
      "cpu": [
        "riscv64"
      ],
      "dev": true,
      "license": "MIT",
      "optional": true,
      "os": [
        "linux"
      ]
    },
    "node_modules/rollup/node_modules/@rollup/rollup-linux-riscv64-musl": {
      "version": "4.52.2",
      "resolved": "https://registry.npmjs.org/@rollup/rollup-linux-riscv64-musl/-/rollup-linux-riscv64-musl-4.52.2.tgz",
      "integrity": "sha512-duBLgd+3pqC4MMwBrKkFxaZerUxZcYApQVC5SdbF5/e/589GwVvlRUnyqMFbM8iUSb1BaoX/3fRL7hB9m2Pj8Q==",
      "cpu": [
        "riscv64"
      ],
      "dev": true,
      "license": "MIT",
      "optional": true,
      "os": [
        "linux"
      ]
    },
    "node_modules/rollup/node_modules/@rollup/rollup-linux-s390x-gnu": {
      "version": "4.52.2",
      "resolved": "https://registry.npmjs.org/@rollup/rollup-linux-s390x-gnu/-/rollup-linux-s390x-gnu-4.52.2.tgz",
      "integrity": "sha512-tzhYJJidDUVGMgVyE+PmxENPHlvvqm1KILjjZhB8/xHYqAGeizh3GBGf9u6WdJpZrz1aCpIIHG0LgJgH9rVjHQ==",
      "cpu": [
        "s390x"
      ],
      "dev": true,
      "license": "MIT",
      "optional": true,
      "os": [
        "linux"
      ]
    },
    "node_modules/rollup/node_modules/@rollup/rollup-linux-x64-gnu": {
      "version": "4.52.2",
      "resolved": "https://registry.npmjs.org/@rollup/rollup-linux-x64-gnu/-/rollup-linux-x64-gnu-4.52.2.tgz",
      "integrity": "sha512-opH8GSUuVcCSSyHHcl5hELrmnk4waZoVpgn/4FDao9iyE4WpQhyWJ5ryl5M3ocp4qkRuHfyXnGqg8M9oKCEKRA==",
      "cpu": [
        "x64"
      ],
      "dev": true,
      "license": "MIT",
      "optional": true,
      "os": [
        "linux"
      ]
    },
    "node_modules/rollup/node_modules/@rollup/rollup-linux-x64-musl": {
      "version": "4.52.2",
      "resolved": "https://registry.npmjs.org/@rollup/rollup-linux-x64-musl/-/rollup-linux-x64-musl-4.52.2.tgz",
      "integrity": "sha512-LSeBHnGli1pPKVJ79ZVJgeZWWZXkEe/5o8kcn23M8eMKCUANejchJbF/JqzM4RRjOJfNRhKJk8FuqL1GKjF5oQ==",
      "cpu": [
        "x64"
      ],
      "dev": true,
      "license": "MIT",
      "optional": true,
      "os": [
        "linux"
      ]
    },
    "node_modules/rollup/node_modules/@rollup/rollup-openharmony-arm64": {
      "version": "4.52.2",
      "resolved": "https://registry.npmjs.org/@rollup/rollup-openharmony-arm64/-/rollup-openharmony-arm64-4.52.2.tgz",
      "integrity": "sha512-uPj7MQ6/s+/GOpolavm6BPo+6CbhbKYyZHUDvZ/SmJM7pfDBgdGisFX3bY/CBDMg2ZO4utfhlApkSfZ92yXw7Q==",
      "cpu": [
        "arm64"
      ],
      "dev": true,
      "license": "MIT",
      "optional": true,
      "os": [
        "openharmony"
      ]
    },
    "node_modules/rollup/node_modules/@rollup/rollup-win32-arm64-msvc": {
      "version": "4.52.2",
      "resolved": "https://registry.npmjs.org/@rollup/rollup-win32-arm64-msvc/-/rollup-win32-arm64-msvc-4.52.2.tgz",
      "integrity": "sha512-Z9MUCrSgIaUeeHAiNkm3cQyst2UhzjPraR3gYYfOjAuZI7tcFRTOD+4cHLPoS/3qinchth+V56vtqz1Tv+6KPA==",
      "cpu": [
        "arm64"
      ],
      "dev": true,
      "license": "MIT",
      "optional": true,
      "os": [
        "win32"
      ]
    },
    "node_modules/rollup/node_modules/@rollup/rollup-win32-ia32-msvc": {
      "version": "4.52.2",
      "resolved": "https://registry.npmjs.org/@rollup/rollup-win32-ia32-msvc/-/rollup-win32-ia32-msvc-4.52.2.tgz",
      "integrity": "sha512-+GnYBmpjldD3XQd+HMejo+0gJGwYIOfFeoBQv32xF/RUIvccUz20/V6Otdv+57NE70D5pa8W/jVGDoGq0oON4A==",
      "cpu": [
        "ia32"
      ],
      "dev": true,
      "license": "MIT",
      "optional": true,
      "os": [
        "win32"
      ]
    },
    "node_modules/rollup/node_modules/@rollup/rollup-win32-x64-gnu": {
      "version": "4.52.2",
      "resolved": "https://registry.npmjs.org/@rollup/rollup-win32-x64-gnu/-/rollup-win32-x64-gnu-4.52.2.tgz",
      "integrity": "sha512-ApXFKluSB6kDQkAqZOKXBjiaqdF1BlKi+/eqnYe9Ee7U2K3pUDKsIyr8EYm/QDHTJIM+4X+lI0gJc3TTRhd+dA==",
      "cpu": [
        "x64"
      ],
      "dev": true,
      "license": "MIT",
      "optional": true,
      "os": [
        "win32"
      ]
    },
    "node_modules/rollup/node_modules/@rollup/rollup-win32-x64-msvc": {
      "version": "4.52.2",
      "resolved": "https://registry.npmjs.org/@rollup/rollup-win32-x64-msvc/-/rollup-win32-x64-msvc-4.52.2.tgz",
      "integrity": "sha512-ARz+Bs8kY6FtitYM96PqPEVvPXqEZmPZsSkXvyX19YzDqkCaIlhCieLLMI5hxO9SRZ2XtCtm8wxhy0iJ2jxNfw==",
      "cpu": [
        "x64"
      ],
      "dev": true,
      "license": "MIT",
      "optional": true,
      "os": [
        "win32"
      ]
    },
    "node_modules/run-parallel": {
      "version": "1.2.0",
      "dev": true,
      "funding": [
        {
          "type": "github",
          "url": "https://github.com/sponsors/feross"
        },
        {
          "type": "patreon",
          "url": "https://www.patreon.com/feross"
        },
        {
          "type": "consulting",
          "url": "https://feross.org/support"
        }
      ],
      "license": "MIT",
      "dependencies": {
        "queue-microtask": "^1.2.2"
      }
    },
    "node_modules/scheduler": {
      "version": "0.23.2",
      "license": "MIT",
      "dependencies": {
        "loose-envify": "^1.1.0"
      }
    },
    "node_modules/semver": {
      "version": "6.3.1",
      "dev": true,
      "license": "ISC",
      "bin": {
        "semver": "bin/semver.js"
      }
    },
    "node_modules/shebang-command": {
      "version": "2.0.0",
      "dev": true,
      "license": "MIT",
      "dependencies": {
        "shebang-regex": "^3.0.0"
      },
      "engines": {
        "node": ">=8"
      }
    },
    "node_modules/shebang-regex": {
      "version": "3.0.0",
      "dev": true,
      "license": "MIT",
      "engines": {
        "node": ">=8"
      }
    },
    "node_modules/signal-exit": {
      "version": "4.1.0",
      "dev": true,
      "license": "ISC",
      "engines": {
        "node": ">=14"
      },
      "funding": {
        "url": "https://github.com/sponsors/isaacs"
      }
    },
    "node_modules/source-map-js": {
      "version": "1.2.1",
      "dev": true,
      "license": "BSD-3-Clause",
      "engines": {
        "node": ">=0.10.0"
      }
    },
    "node_modules/string-width": {
      "version": "5.1.2",
      "dev": true,
      "license": "MIT",
      "dependencies": {
        "eastasianwidth": "^0.2.0",
        "emoji-regex": "^9.2.2",
        "strip-ansi": "^7.0.1"
      },
      "engines": {
        "node": ">=12"
      },
      "funding": {
        "url": "https://github.com/sponsors/sindresorhus"
      }
    },
    "node_modules/string-width-cjs": {
      "name": "string-width",
      "version": "4.2.3",
      "dev": true,
      "license": "MIT",
      "dependencies": {
        "emoji-regex": "^8.0.0",
        "is-fullwidth-code-point": "^3.0.0",
        "strip-ansi": "^6.0.1"
      },
      "engines": {
        "node": ">=8"
      }
    },
    "node_modules/string-width-cjs/node_modules/ansi-regex": {
      "version": "5.0.1",
      "dev": true,
      "license": "MIT",
      "engines": {
        "node": ">=8"
      }
    },
    "node_modules/string-width-cjs/node_modules/emoji-regex": {
      "version": "8.0.0",
      "dev": true,
      "license": "MIT"
    },
    "node_modules/string-width-cjs/node_modules/strip-ansi": {
      "version": "6.0.1",
      "dev": true,
      "license": "MIT",
      "dependencies": {
        "ansi-regex": "^5.0.1"
      },
      "engines": {
        "node": ">=8"
      }
    },
    "node_modules/strip-ansi": {
      "version": "7.1.2",
      "dev": true,
      "license": "MIT",
      "dependencies": {
        "ansi-regex": "^6.0.1"
      },
      "engines": {
        "node": ">=12"
      },
      "funding": {
        "url": "https://github.com/chalk/strip-ansi?sponsor=1"
      }
    },
    "node_modules/strip-ansi-cjs": {
      "name": "strip-ansi",
      "version": "6.0.1",
      "dev": true,
      "license": "MIT",
      "dependencies": {
        "ansi-regex": "^5.0.1"
      },
      "engines": {
        "node": ">=8"
      }
    },
    "node_modules/strip-ansi-cjs/node_modules/ansi-regex": {
      "version": "5.0.1",
      "dev": true,
      "license": "MIT",
      "engines": {
        "node": ">=8"
      }
    },
    "node_modules/sucrase": {
      "version": "3.35.0",
      "dev": true,
      "license": "MIT",
      "dependencies": {
        "@jridgewell/gen-mapping": "^0.3.2",
        "commander": "^4.0.0",
        "glob": "^10.3.10",
        "lines-and-columns": "^1.1.6",
        "mz": "^2.7.0",
        "pirates": "^4.0.1",
        "ts-interface-checker": "^0.1.9"
      },
      "bin": {
        "sucrase": "bin/sucrase",
        "sucrase-node": "bin/sucrase-node"
      },
      "engines": {
        "node": ">=16 || 14 >=14.17"
      }
    },
    "node_modules/supports-preserve-symlinks-flag": {
      "version": "1.0.0",
      "dev": true,
      "license": "MIT",
      "engines": {
        "node": ">= 0.4"
      },
      "funding": {
        "url": "https://github.com/sponsors/ljharb"
      }
    },
    "node_modules/tailwindcss": {
      "version": "3.4.17",
      "resolved": "https://registry.npmjs.org/tailwindcss/-/tailwindcss-3.4.17.tgz",
      "integrity": "sha512-w33E2aCvSDP0tW9RZuNXadXlkHXqFzSkQew/aIa2i/Sj8fThxwovwlXHSPXTbAHwEIhBFXAedUhP2tueAKP8Og==",
      "dev": true,
      "license": "MIT",
      "dependencies": {
        "@alloc/quick-lru": "^5.2.0",
        "arg": "^5.0.2",
        "chokidar": "^3.6.0",
        "didyoumean": "^1.2.2",
        "dlv": "^1.1.3",
        "fast-glob": "^3.3.2",
        "glob-parent": "^6.0.2",
        "is-glob": "^4.0.3",
        "jiti": "^1.21.6",
        "lilconfig": "^3.1.3",
        "micromatch": "^4.0.8",
        "normalize-path": "^3.0.0",
        "object-hash": "^3.0.0",
        "picocolors": "^1.1.1",
        "postcss": "^8.4.47",
        "postcss-import": "^15.1.0",
        "postcss-js": "^4.0.1",
        "postcss-load-config": "^4.0.2",
        "postcss-nested": "^6.2.0",
        "postcss-selector-parser": "^6.1.2",
        "resolve": "^1.22.8",
        "sucrase": "^3.35.0"
      },
      "bin": {
        "tailwind": "lib/cli.js",
        "tailwindcss": "lib/cli.js"
      },
      "engines": {
        "node": ">=14.0.0"
      }
    },
    "node_modules/thenify": {
      "version": "3.3.1",
      "dev": true,
      "license": "MIT",
      "dependencies": {
        "any-promise": "^1.0.0"
      }
    },
    "node_modules/thenify-all": {
      "version": "1.6.0",
      "dev": true,
      "license": "MIT",
      "dependencies": {
        "thenify": ">= 3.1.0 < 4"
      },
      "engines": {
        "node": ">=0.8"
      }
    },
    "node_modules/to-regex-range": {
      "version": "5.0.1",
      "dev": true,
      "license": "MIT",
      "dependencies": {
        "is-number": "^7.0.0"
      },
      "engines": {
        "node": ">=8.0"
      }
    },
    "node_modules/ts-interface-checker": {
      "version": "0.1.13",
      "dev": true,
      "license": "Apache-2.0"
    },
    "node_modules/tslib": {
      "version": "2.8.1",
      "license": "0BSD"
    },
    "node_modules/typescript": {
      "version": "5.9.2",
      "resolved": "https://registry.npmjs.org/typescript/-/typescript-5.9.2.tgz",
      "integrity": "sha512-CWBzXQrc/qOkhidw1OzBTQuYRbfyxDXJMVJ1XNwUHGROVmuaeiEm3OslpZ1RV96d7SKKjZKrSJu3+t/xlw3R9A==",
      "dev": true,
      "license": "Apache-2.0",
      "bin": {
        "tsc": "bin/tsc",
        "tsserver": "bin/tsserver"
      },
      "engines": {
        "node": ">=14.17"
      }
    },
    "node_modules/update-browserslist-db": {
      "version": "1.1.3",
      "dev": true,
      "funding": [
        {
          "type": "opencollective",
          "url": "https://opencollective.com/browserslist"
        },
        {
          "type": "tidelift",
          "url": "https://tidelift.com/funding/github/npm/browserslist"
        },
        {
          "type": "github",
          "url": "https://github.com/sponsors/ai"
        }
      ],
      "license": "MIT",
      "dependencies": {
        "escalade": "^3.2.0",
        "picocolors": "^1.1.1"
      },
      "bin": {
        "update-browserslist-db": "cli.js"
      },
      "peerDependencies": {
        "browserslist": ">= 4.21.0"
      }
    },
    "node_modules/util-deprecate": {
      "version": "1.0.2",
      "dev": true,
      "license": "MIT"
    },
    "node_modules/vite": {
      "version": "5.4.20",
      "dev": true,
      "license": "MIT",
      "dependencies": {
        "esbuild": "^0.21.3",
        "postcss": "^8.4.43",
        "rollup": "^4.20.0"
      },
      "bin": {
        "vite": "bin/vite.js"
      },
      "engines": {
        "node": "^18.0.0 || >=20.0.0"
      },
      "funding": {
        "url": "https://github.com/vitejs/vite?sponsor=1"
      },
      "optionalDependencies": {
        "fsevents": "~2.3.3"
      },
      "peerDependencies": {
        "@types/node": "^18.0.0 || >=20.0.0",
        "less": "*",
        "lightningcss": "^1.21.0",
        "sass": "*",
        "sass-embedded": "*",
        "stylus": "*",
        "sugarss": "*",
        "terser": "^5.4.0"
      },
      "peerDependenciesMeta": {
        "@types/node": {
          "optional": true
        },
        "less": {
          "optional": true
        },
        "lightningcss": {
          "optional": true
        },
        "sass": {
          "optional": true
        },
        "sass-embedded": {
          "optional": true
        },
        "stylus": {
          "optional": true
        },
        "sugarss": {
          "optional": true
        },
        "terser": {
          "optional": true
        }
      }
    },
    "node_modules/which": {
      "version": "2.0.2",
      "dev": true,
      "license": "ISC",
      "dependencies": {
        "isexe": "^2.0.0"
      },
      "bin": {
        "node-which": "bin/node-which"
      },
      "engines": {
        "node": ">= 8"
      }
    },
    "node_modules/wrap-ansi": {
      "version": "8.1.0",
      "dev": true,
      "license": "MIT",
      "dependencies": {
        "ansi-styles": "^6.1.0",
        "string-width": "^5.0.1",
        "strip-ansi": "^7.0.1"
      },
      "engines": {
        "node": ">=12"
      },
      "funding": {
        "url": "https://github.com/chalk/wrap-ansi?sponsor=1"
      }
    },
    "node_modules/wrap-ansi-cjs": {
      "name": "wrap-ansi",
      "version": "7.0.0",
      "dev": true,
      "license": "MIT",
      "dependencies": {
        "ansi-styles": "^4.0.0",
        "string-width": "^4.1.0",
        "strip-ansi": "^6.0.0"
      },
      "engines": {
        "node": ">=10"
      },
      "funding": {
        "url": "https://github.com/chalk/wrap-ansi?sponsor=1"
      }
    },
    "node_modules/wrap-ansi-cjs/node_modules/ansi-regex": {
      "version": "5.0.1",
      "dev": true,
      "license": "MIT",
      "engines": {
        "node": ">=8"
      }
    },
    "node_modules/wrap-ansi-cjs/node_modules/ansi-styles": {
      "version": "4.3.0",
      "dev": true,
      "license": "MIT",
      "dependencies": {
        "color-convert": "^2.0.1"
      },
      "engines": {
        "node": ">=8"
      },
      "funding": {
        "url": "https://github.com/chalk/ansi-styles?sponsor=1"
      }
    },
    "node_modules/wrap-ansi-cjs/node_modules/emoji-regex": {
      "version": "8.0.0",
      "dev": true,
      "license": "MIT"
    },
    "node_modules/wrap-ansi-cjs/node_modules/string-width": {
      "version": "4.2.3",
      "dev": true,
      "license": "MIT",
      "dependencies": {
        "emoji-regex": "^8.0.0",
        "is-fullwidth-code-point": "^3.0.0",
        "strip-ansi": "^6.0.1"
      },
      "engines": {
        "node": ">=8"
      }
    },
    "node_modules/wrap-ansi-cjs/node_modules/strip-ansi": {
      "version": "6.0.1",
      "dev": true,
      "license": "MIT",
      "dependencies": {
        "ansi-regex": "^5.0.1"
      },
      "engines": {
        "node": ">=8"
      }
    },
    "node_modules/yallist": {
      "version": "3.1.1",
      "dev": true,
      "license": "ISC"
    },
    "node_modules/yaml": {
      "version": "2.8.1",
      "dev": true,
      "license": "ISC",
      "bin": {
        "yaml": "bin.mjs"
      },
      "engines": {
        "node": ">= 14.6"
      }
    }
  }
}
